preprocessing,label,class_name,entropy,sobel_edge_energy,mean_intensity,std_intensity
raw,1,tumor,6.751463929298231,0.5234385206597729,0.24721849,0.21760121
raw,1,tumor,6.844185777154665,0.47282450343592136,0.35655853,0.30414006
raw,1,tumor,6.015545789249937,0.29329970959296875,0.30240598,0.22259527
raw,0,no_tumor,5.619157814514756,0.2822526713036142,0.21434471,0.191288
raw,0,no_tumor,5.500245773122744,0.5178050201494006,0.18955365,0.22454871
raw,0,no_tumor,6.511446800470635,1.079789684829601,0.33611366,0.29748264
raw,0,no_tumor,5.340540247249107,0.8005332811306162,0.2096256,0.22638102
raw,1,tumor,5.580374037888911,0.7036917863801315,0.25839102,0.23517464
raw,1,tumor,6.9850302711864485,0.8615155638150682,0.42450982,0.27549407
raw,0,no_tumor,5.147169552324677,0.5668538489919623,0.22047192,0.1973345
raw,1,tumor,5.570449884701378,0.4964122158761066,0.284623,0.27256304
raw,1,tumor,6.594047122772413,0.5833616594592199,0.28411174,0.20568906
raw,1,tumor,6.663294049739118,0.9885568590161585,0.30769834,0.23846844
raw,0,no_tumor,5.972158126184183,0.15627644271866867,0.1927993,0.16629323
raw,1,tumor,5.326532151498651,0.4827405538012383,0.17335925,0.18243782
raw,1,tumor,7.27778007490571,1.301548627932139,0.5141609,0.30326933
raw,1,tumor,6.745667808088122,0.27553968656836236,0.28762808,0.17066401
raw,1,tumor,5.985865861596655,1.0972381151192983,0.29694536,0.28809252
raw,1,tumor,7.111267373136022,0.3182535971794084,0.27009255,0.22691365
raw,1,tumor,6.3832651328969625,0.30980719271010887,0.20342588,0.17244366
raw,0,no_tumor,5.396412781088247,0.2796012560268393,0.11612693,0.14158604
raw,1,tumor,6.217635135345466,0.224231962572997,0.20693696,0.17451885
raw,0,no_tumor,5.7691892385160255,0.13408922821988006,0.19301423,0.1792735
raw,0,no_tumor,6.95831471988598,0.5804256341540185,0.27778825,0.188994
raw,1,tumor,6.966739551513751,0.8475023745023431,0.40111154,0.2330227
raw,1,tumor,4.327524691793749,0.6317259331812362,0.18681976,0.24332564
raw,1,tumor,6.555378385228904,0.5607160315558528,0.26426739,0.22450513
raw,0,no_tumor,5.9827487185337995,0.28842741264330274,0.19834463,0.1736149
raw,1,tumor,6.427839893499,0.3633919285039996,0.21616404,0.21783961
raw,0,no_tumor,6.954019858036287,0.5314859045016292,0.34499153,0.26169458
raw,1,tumor,5.679239124323928,0.4510884489215,0.17511752,0.17966698
raw,1,tumor,6.027476743654945,0.7267147140700971,0.26081187,0.27834952
raw,1,tumor,5.669265062475465,0.20694089229872953,0.13276224,0.16889583
raw,0,no_tumor,5.862480903917302,0.5804942326896714,0.19914767,0.18921776
raw,1,tumor,6.982884292494832,0.22695452384912032,0.2778524,0.17874126
raw,1,tumor,6.141063837995908,0.43616503174195387,0.26660466,0.23679043
raw,1,tumor,5.34637352214636,0.3184024444887742,0.16389927,0.17261477
raw,1,tumor,6.852313892175795,0.6601120442538828,0.2541755,0.19164877
raw,0,no_tumor,4.284976086438676,0.5359897129967723,0.11947213,0.18964599
raw,1,tumor,5.05060588078044,0.3407508268868761,0.18570533,0.17558973
raw,0,no_tumor,4.3856140512335555,0.24685091195006198,0.11770451,0.18528965
raw,1,tumor,3.706880815763739,0.5961333688880883,0.14673474,0.22576986
raw,1,tumor,7.130073383408278,0.6668986208489689,0.2954188,0.27149588
raw,1,tumor,7.492720971080445,0.567599162289562,0.4277935,0.2171129
raw,1,tumor,4.847776762663104,0.6813371607226404,0.16341433,0.23549989
raw,0,no_tumor,5.231081270075855,0.2623272162950949,0.18461606,0.22068916
raw,1,tumor,5.8371844002274695,0.3580858145574949,0.21101625,0.18097842
raw,0,no_tumor,5.536614936543895,0.3239624481350395,0.13892321,0.14418326
raw,1,tumor,5.614933495405458,0.4425908920483172,0.18297431,0.22338243
raw,0,no_tumor,3.7770062307009304,0.24579660819660526,0.15436031,0.20593107
raw,0,no_tumor,6.615469469091517,0.4654066019181737,0.21117327,0.16471513
raw,0,no_tumor,4.400569917965207,0.5079178322827291,0.1196945,0.18733206
raw,1,tumor,6.9850302711864485,0.8615155638150682,0.42450982,0.27549407
raw,1,tumor,6.8132578347673665,0.2945386612098429,0.29697192,0.16520156
raw,0,no_tumor,6.853176771432306,0.5952865648167378,0.28711396,0.21586624
raw,0,no_tumor,5.512929839509605,0.1337179019415135,0.14018771,0.14550713
raw,0,no_tumor,6.926119103192116,0.5373694487877072,0.28460407,0.2115848
raw,0,no_tumor,5.257550331779052,0.16897443672039794,0.103277,0.13438463
raw,0,no_tumor,5.439506191462987,0.5467136314539267,0.22105882,0.19388095
raw,0,no_tumor,4.06549785447689,0.3231006510395486,0.17466849,0.25654805
raw,1,tumor,6.6075094010636715,1.0199545698363937,0.3549922,0.2950129
raw,1,tumor,5.3280232569150785,0.48542653873227093,0.18257627,0.15996136
raw,0,no_tumor,6.2517076173999175,0.39588817952668864,0.17181063,0.16182037
raw,1,tumor,6.580320452839478,0.7360429746742475,0.28603205,0.291312
raw,1,tumor,6.036928848751147,1.2888908472060958,0.34026742,0.34096944
raw,0,no_tumor,4.321325093435626,0.369083987765482,0.13684873,0.19561972
raw,0,no_tumor,5.500245773122744,0.5178050201494006,0.18955365,0.22454871
raw,0,no_tumor,5.494883819143629,0.47543515962020505,0.21796253,0.20217271
raw,0,no_tumor,5.568045293952553,0.7762662989369364,0.2560616,0.30325362
raw,1,tumor,6.807854623399157,0.28891180032289887,0.33443844,0.25401002
raw,0,no_tumor,6.850001062317956,0.7504647326936322,0.36988693,0.29732773
raw,1,tumor,7.450065594028096,0.9708116294357887,0.36118165,0.253163
raw,1,tumor,6.250378857177749,0.43483092547557717,0.26678827,0.23661876
raw,1,tumor,7.304495421897168,0.44987201142300703,0.32272592,0.24159966
raw,1,tumor,6.313479809722455,0.7055261716949588,0.25506738,0.21160801
raw,1,tumor,6.837523028779344,0.37191346196612685,0.313714,0.20467621
raw,0,no_tumor,5.434661931425414,0.3472857163012585,0.13856322,0.14761749
raw,0,no_tumor,6.214863527396108,0.4078016608685081,0.1706658,0.1633474
raw,0,no_tumor,6.03593111309056,0.29700156665642774,0.20036957,0.19650587
raw,1,tumor,6.743271766448553,0.741828949955996,0.29581302,0.27529198
raw,1,tumor,6.9385488185487905,0.479543165499132,0.36630598,0.3026523
raw,1,tumor,6.797765217136229,0.647549007929756,0.39542165,0.2170149
raw,1,tumor,6.140713103043323,0.2521795318746166,0.1741266,0.15420634
raw,0,no_tumor,4.60983662329542,0.47384799545310347,0.21256584,0.32234016
raw,1,tumor,5.937826526304593,0.42765632298716927,0.1745103,0.20171766
raw,0,no_tumor,4.671302973046264,0.3990792905937661,0.21973017,0.26199555
raw,0,no_tumor,5.850076044482346,0.36110470268137895,0.18811134,0.22173667
raw,0,no_tumor,5.435012664845674,0.2925146017526937,0.1890728,0.16481717
raw,1,tumor,5.149841949997148,0.9164371021729909,0.22214642,0.26962093
raw,1,tumor,6.708973851211484,0.5652551322807822,0.33233714,0.22681972
raw,0,no_tumor,6.2517076173999175,0.39588817952668864,0.17181063,0.16182037
raw,1,tumor,6.5999925893664,0.572385328673696,0.270779,0.22371972
raw,0,no_tumor,4.82158475768304,0.5916318448905843,0.14447165,0.18373136
raw,1,tumor,5.903846926537394,0.34615679184650533,0.20607167,0.16082408
raw,1,tumor,6.3049414681177876,0.45782712753367716,0.22629061,0.18605766
raw,0,no_tumor,5.526920144190713,0.8057402754470253,0.29853088,0.3189963
raw,1,tumor,6.577988009857478,0.40040202504811195,0.19920823,0.18073043
raw,1,tumor,6.566792493118146,0.3414410262681299,0.21390072,0.14864936
raw,0,no_tumor,6.501801719779346,0.6143992774829855,0.28050202,0.25009906
raw,1,tumor,7.323038818384701,0.8076445448666585,0.42437148,0.25958464
raw,1,tumor,6.7515050098894225,0.5143585560337794,0.33425558,0.24158728
raw,0,no_tumor,4.247481777691847,0.7308109251267371,0.16423652,0.23229098
raw,0,no_tumor,5.396412781088247,0.2796012560268393,0.11612693,0.14158604
raw,1,tumor,6.121061824705042,0.42376027318444487,0.23245491,0.18938498
raw,1,tumor,5.1483179313900305,0.34834269003061613,0.17648184,0.21872404
raw,1,tumor,7.477451096542373,0.8050366078389882,0.37908626,0.2705374
raw,0,no_tumor,4.642447630470632,0.4205421070682305,0.13739061,0.18080714
raw,0,no_tumor,7.061665183696565,0.6165731338679923,0.47025004,0.19449073
raw,0,no_tumor,6.02456970040077,0.6108563744678324,0.29453173,0.2642355
raw,1,tumor,7.721548038469674,0.6986023532731763,0.56373626,0.24319527
raw,0,no_tumor,6.0859072079226495,0.8457194246669437,0.20894751,0.2674933
raw,0,no_tumor,5.494883819143629,0.47543515962020505,0.21796253,0.20217271
raw,0,no_tumor,6.186334264018137,0.33267179500232985,0.22314501,0.20247985
raw,1,tumor,6.377493248439625,0.3413815075980747,0.23601004,0.17802306
raw,0,no_tumor,6.188564266287001,0.3328391262070622,0.1696696,0.15612341
raw,0,no_tumor,5.947972433041416,0.41508153070835363,0.14209321,0.16459712
raw,1,tumor,6.056629543442455,0.5238413550463955,0.2811923,0.26388305
raw,0,no_tumor,5.1097756834204,0.4273846176864483,0.18413302,0.1881812
raw,1,tumor,6.84014289302763,0.3766889923374698,0.26931295,0.22500339
raw,0,no_tumor,5.793180581690769,1.0780783360918496,0.26447517,0.25041118
raw,1,tumor,5.760541060870365,0.23237562986118554,0.19307122,0.19175556
raw,0,no_tumor,5.188019271868649,0.28709508945733286,0.119420916,0.1406594
raw,1,tumor,6.498680199510838,0.3304975885519315,0.20749298,0.18937223
raw,1,tumor,6.588299537722688,0.8253195360053793,0.33304083,0.24591102
raw,1,tumor,6.3049414681177876,0.45782712753367716,0.22629061,0.18605766
raw,0,no_tumor,5.512077456089572,0.37539065732370924,0.12071893,0.18594015
raw,0,no_tumor,5.4181159297492965,0.25625134431913227,0.11631387,0.13889137
raw,1,tumor,6.514979563828101,0.35463292674414126,0.26594526,0.21587615
raw,0,no_tumor,3.9432415365614335,0.22805384777061746,0.154873,0.20457436
raw,1,tumor,6.262517429057674,0.7277748876823197,0.365507,0.3180319
raw,0,no_tumor,4.400569917965207,0.5079178322827291,0.1196945,0.18733206
raw,0,no_tumor,6.889923287970719,0.767697125408636,0.27096882,0.22267343
raw,1,tumor,6.616663291058289,0.908732728282907,0.299011,0.27168396
raw,1,tumor,6.9905310176099205,0.3295251092563972,0.24281438,0.19738175
raw,1,tumor,5.015081726415108,0.3416657807659887,0.18563329,0.17568016
raw,1,tumor,5.953477132339709,0.2906399745063838,0.17902616,0.2196644
raw,1,tumor,6.065151952138001,0.29357706662134775,0.24077556,0.21415734
raw,1,tumor,6.948293796883304,0.9346020451121522,0.4309963,0.25238755
raw,1,tumor,6.049335471776363,0.3816403308383095,0.21333918,0.18289433
raw,1,tumor,6.588299537722688,0.8253195360053793,0.33304083,0.24591102
raw,0,no_tumor,6.137580971728669,0.7519529039306418,0.33300638,0.3046483
raw,0,no_tumor,5.548774187871861,0.21391492135952517,0.14892484,0.16573608
raw,0,no_tumor,6.139779939771039,0.35623993683510025,0.24758734,0.18638843
raw,1,tumor,5.868400236486135,0.3782787010239411,0.22803333,0.18807243
raw,1,tumor,5.300693124897488,0.438686055773845,0.15854564,0.16516389
raw,1,tumor,6.063795541471748,0.4025741636110056,0.24062932,0.24917166
raw,1,tumor,5.614933495405458,0.4425908920483172,0.18297431,0.22338243
raw,1,tumor,7.3014244221367095,0.5347393387113912,0.35667846,0.22647546
raw,1,tumor,6.57990319323467,1.057611801031624,0.4154948,0.30140483
raw,1,tumor,6.749942649324447,1.2544143457434416,0.49524143,0.3198405
raw,1,tumor,6.023105329210843,0.4583457282577023,0.21164982,0.1759475
raw,1,tumor,7.196961687467779,0.9820316985728248,0.37171465,0.26433247
raw,1,tumor,7.343448664334687,0.5529818793377567,0.36569035,0.22597285
raw,1,tumor,6.4799573066795,0.6673542373896884,0.3648253,0.31403065
raw,1,tumor,6.560893920913168,0.7649707292347411,0.29431823,0.25774884
raw,1,tumor,6.851334927517956,0.36729288807651195,0.32546005,0.18592507
raw,1,tumor,7.123375754611066,0.8144226855494427,0.3245371,0.21701115
raw,1,tumor,6.78974439898035,0.49438802890388844,0.2689628,0.18816477
raw,0,no_tumor,4.796705830734195,0.603615339365916,0.16646442,0.20906739
raw,1,tumor,5.067250992835769,0.6412526984562879,0.21392989,0.27501097
raw,1,tumor,6.252928078676112,0.2237529209182002,0.3647839,0.1535996
raw,1,tumor,6.251727487994821,0.5841524286709898,0.25547856,0.2373358
raw,1,tumor,7.175656708589091,0.8139795119086639,0.43993807,0.2753648
raw,1,tumor,6.232267088711994,0.22671949062935642,0.23693489,0.2390494
raw,1,tumor,5.164798406712005,0.39341776374818505,0.17567378,0.18671654
raw,0,no_tumor,5.402599671290636,0.1889361575130108,0.12564674,0.12815599
raw,1,tumor,5.985104889755262,0.6477643912839368,0.19902417,0.20027053
raw,0,no_tumor,5.173611366453826,0.3050877380142685,0.119333796,0.1427121
raw,1,tumor,5.17386298614888,1.0246155758892863,0.17807785,0.22971886
raw,0,no_tumor,5.458403455672261,0.7460722733850611,0.19827929,0.21760872
raw,1,tumor,5.900031381504564,0.47421217895804924,0.23435277,0.19298717
raw,0,no_tumor,5.452250805373922,0.19234739443068702,0.12618792,0.12823144
raw,1,tumor,5.149841949997148,0.9164371021729909,0.22214642,0.26962093
raw,0,no_tumor,6.344886714205776,0.20828354019622528,0.24622563,0.17028147
raw,1,tumor,5.985050149681871,0.524432561007997,0.24985999,0.24384417
raw,1,tumor,7.388323554981309,0.8810288373649221,0.37015,0.2660888
raw,1,tumor,6.159560685995282,0.6730023941087409,0.21225826,0.22084424
raw,0,no_tumor,5.944057949111593,0.1466440565950914,0.18271556,0.1565244
raw,1,tumor,7.450065594028096,0.9708116294357887,0.36118165,0.253163
raw,0,no_tumor,4.944840798816974,0.8659994305765488,0.6338266,0.39776003
raw,1,tumor,6.57990319323467,1.057611801031624,0.4154948,0.30140483
raw,0,no_tumor,4.924778463373876,0.26508449090178565,0.12286306,0.15798444
raw,0,no_tumor,5.521387447194942,0.7199876879988696,0.20704442,0.22093178
raw,1,tumor,6.215361888800971,0.45988749548514524,0.24141656,0.17327486
raw,1,tumor,6.470866501948336,0.9250955906410614,0.39746502,0.30854258
raw,0,no_tumor,5.713385026249753,0.5224994385617019,0.22529632,0.23802729
raw,1,tumor,6.005850880177308,0.7353892497181862,0.22887465,0.22865647
raw,1,tumor,5.3280232569150785,0.48542653873227093,0.18257627,0.15996136
raw,1,tumor,5.580374037888911,0.7036917863801315,0.25839102,0.23517464
raw,0,no_tumor,5.858763621364417,0.5501906802456356,0.2539197,0.21456042
raw,0,no_tumor,3.0625441394986535,0.322498480735454,0.07140347,0.14600182
raw,1,tumor,7.450065594028096,0.9708116294357887,0.36118165,0.253163
raw,1,tumor,6.41328264566867,0.4684006996195512,0.21648334,0.19281831
raw,0,no_tumor,5.983429156525837,0.6346095741377975,0.21796134,0.20343593
raw,1,tumor,5.787812675366501,0.3911892152135687,0.21822177,0.21775909
raw,1,tumor,6.3049414681177876,0.45782712753367716,0.22629061,0.18605766
raw,0,no_tumor,4.9568449854625545,0.8559732751141692,0.20960504,0.23137431
raw,0,no_tumor,4.9568449854625545,0.8559732751141692,0.20960504,0.23137431
raw,1,tumor,6.857178963492013,0.9334388584976185,0.3597697,0.2804612
raw,1,tumor,6.709905309948698,0.718521590173216,0.2590782,0.23481503
raw,0,no_tumor,5.386451746539948,0.38535857302414483,0.12832487,0.16945471
raw,1,tumor,6.913093239509487,0.9458650310065146,0.32650077,0.24873634
raw,1,tumor,5.89071546597509,1.3730297506075506,0.33959267,0.3442449
raw,1,tumor,7.140091230800584,0.28050271417548833,0.3036674,0.21777077
raw,1,tumor,7.415063663978399,0.7186165435519648,0.36564296,0.268511
raw,1,tumor,5.864507245036948,0.296593240393458,0.14848587,0.15605424
raw,1,tumor,5.619305142880557,0.6915113711652846,0.25847527,0.234343
raw,1,tumor,6.3097362113747355,0.46562459380211685,0.22515127,0.267419
raw,0,no_tumor,5.801837696895747,0.6960422710157241,0.20277604,0.21137172
raw,1,tumor,6.912170380843074,0.3587076724016554,0.29370022,0.20808156
raw,1,tumor,6.948293796883304,0.9346020451121522,0.4309963,0.25238755
raw,1,tumor,7.099884773550768,0.9220909861504089,0.40532827,0.26986468
raw,0,no_tumor,7.196201096694265,0.8610134530072123,0.38570416,0.21646556
raw,0,no_tumor,5.063293740424791,0.6927430434337768,0.1610737,0.1849254
raw,1,tumor,6.343812033819967,0.5892378338398897,0.25670764,0.23679435
raw,1,tumor,6.434891918108516,0.6517808542523598,0.22856829,0.19486733
raw,1,tumor,7.5281100828794765,1.1927249657719234,0.43248868,0.2806986
raw,0,no_tumor,2.775307417449258,1.0285906723729332,0.1372439,0.26786417
raw,0,no_tumor,6.139779939771039,0.35623993683510025,0.24758734,0.18638843
raw,0,no_tumor,6.214863527396108,0.4078016608685081,0.1706658,0.1633474
raw,1,tumor,6.850821202984901,0.6732310031602222,0.25931084,0.23113936
raw,1,tumor,4.938374355705824,0.5545750786025405,0.26212448,0.21899551
raw,1,tumor,5.752177698684477,0.669199875973022,0.19648463,0.20267569
raw,1,tumor,6.666294450675514,0.3599758449662396,0.24802296,0.2269284
raw,1,tumor,7.492930445866283,1.0163478136505453,0.41707933,0.25188565
raw,0,no_tumor,5.4181159297492965,0.25625134431913227,0.11631387,0.13889137
raw,0,no_tumor,5.85381646384476,0.319820661583585,0.15490651,0.16573791
raw,1,tumor,7.05549821382516,0.5109599905893816,0.27526185,0.21662302
raw,0,no_tumor,5.944057949111593,0.1466440565950914,0.18271556,0.1565244
raw,1,tumor,6.3441904285305055,0.1648781929784875,0.16600344,0.15430856
raw,1,tumor,6.139661164937293,0.8399499231136557,0.21975458,0.21373504
raw,1,tumor,6.078387068988872,0.2819470222713918,0.22730428,0.15484157
raw,0,no_tumor,6.186334264018137,0.33267179500232985,0.22314501,0.20247985
raw,0,no_tumor,6.273895059104,0.3833134118680377,0.22752064,0.19448932
raw,1,tumor,6.88481956864873,0.3517551460377528,0.29682118,0.27015734
raw,1,tumor,6.027476743654945,0.7267147140700971,0.26081187,0.27834952
raw,0,no_tumor,6.863776092753207,0.7443827077253165,0.2943266,0.21887909
raw,1,tumor,6.775299311395051,0.39375366553458313,0.25348404,0.22899023
raw,1,tumor,6.089557471132027,0.43894046031201217,0.26706377,0.19360389
raw,1,tumor,6.201468778468432,0.159380635953148,0.15644509,0.15401703
raw,1,tumor,6.3049414681177876,0.45782712753367716,0.22629061,0.18605766
raw,0,no_tumor,5.260636540275643,1.1468471577422257,0.29974845,0.33551437
raw,0,no_tumor,4.998218164297171,0.8603482454144039,0.2601297,0.28944847
raw,1,tumor,6.587366242748859,0.8047087605581906,0.31739527,0.25057155
raw,1,tumor,5.373730450697206,0.21156680981939543,0.15478587,0.17581591
raw,1,tumor,5.758337024708092,0.23238928526221417,0.1930717,0.19176193
raw,1,tumor,5.761970676950396,0.5696821648566435,0.19420862,0.1936262
raw,1,tumor,5.742050431368783,0.4187050038938013,0.2617798,0.20417134
raw,0,no_tumor,4.0587424160239145,0.6835163458109829,0.14162455,0.22966498
raw,0,no_tumor,6.00063986418405,0.29523252246804776,0.15911411,0.15499957
raw,0,no_tumor,5.776949984655831,0.24904684324909565,0.21171565,0.112305745
raw,0,no_tumor,5.184079596971125,0.6319775214691902,0.21946113,0.20788077
raw,1,tumor,6.097280672189559,0.2976251162122937,0.15770815,0.17551668
ghe,1,tumor,6.514945143199414,1.1660232742863883,0.43861756,0.31699142
ghe,1,tumor,6.546882269082589,0.5995633942629008,0.4454662,0.30964565
ghe,1,tumor,5.808710558131475,0.7941850084489114,0.38918412,0.33229396
ghe,0,no_tumor,5.377399353690704,0.6465463652125552,0.5320693,0.26125658
ghe,0,no_tumor,5.266172893060408,0.6063697133574213,0.41922224,0.31541762
ghe,0,no_tumor,6.224198364173303,0.8707975404204461,0.50990593,0.26981172
ghe,0,no_tumor,4.986982269545536,0.6216315421314738,0.5601132,0.23055941
ghe,1,tumor,5.307575318409354,1.3889998279466043,0.346595,0.33495668
ghe,1,tumor,6.622502353894266,0.8510119294478121,0.5076567,0.28328255
ghe,0,no_tumor,4.895856149682309,0.40647344645042005,0.5519869,0.234527
ghe,1,tumor,5.406271573632091,0.9590428900415644,0.3198247,0.33477715
ghe,1,tumor,6.251611389330255,1.1037312633083478,0.5156669,0.27155226
ghe,1,tumor,6.4156915127797856,1.4570514798181096,0.5066782,0.28880215
ghe,0,no_tumor,5.848632064497817,0.4368534457046666,0.5178084,0.27383158
ghe,1,tumor,4.9886311627187245,0.7167581336612698,0.5558963,0.22734867
ghe,1,tumor,6.980720570854805,1.3588087050601745,0.46229824,0.30949166
ghe,1,tumor,6.472824762081324,0.8976287256711618,0.47301602,0.30640492
ghe,1,tumor,5.678213411886071,0.7941360996544606,0.53892124,0.24028778
ghe,1,tumor,6.796121416330248,0.48769736219885207,0.50549054,0.28476217
ghe,1,tumor,6.155299197246965,0.7217510916445229,0.5026945,0.2838522
ghe,0,no_tumor,5.246316067379458,0.8672047683828458,0.3831591,0.32724607
ghe,1,tumor,6.068992195609096,0.5001114717590777,0.5219514,0.2663585
ghe,0,no_tumor,5.640850550149728,0.42935710167399516,0.5180753,0.27294838
ghe,0,no_tumor,6.768451983725711,1.3084632877336055,0.5061454,0.28526384
ghe,1,tumor,6.685705885717847,1.0747190816410779,0.5058388,0.28805885
ghe,1,tumor,3.9533121013649906,0.37656330062960763,0.6292595,0.17199866
ghe,1,tumor,6.236445103604785,0.7539738962400759,0.5100057,0.27735612
ghe,0,no_tumor,5.750550182926973,0.5416580112134066,0.5170233,0.27647254
ghe,1,tumor,6.20179909909578,0.7629709518894634,0.44172028,0.31430566
ghe,0,no_tumor,6.736693229537861,0.8181284704912031,0.42894217,0.31912374
ghe,1,tumor,5.446322021231004,0.8046521937731059,0.5370151,0.24299122
ghe,1,tumor,5.772750436345442,0.8965262039709623,0.34915316,0.33317086
ghe,1,tumor,5.477289257038452,0.9170502069269905,0.3639366,0.33165425
ghe,0,no_tumor,5.594257965265339,0.8649825099624637,0.5052124,0.28232732
ghe,1,tumor,6.719527540204147,0.8583514699207917,0.4880931,0.29692003
ghe,1,tumor,5.914808350465829,1.1648869872042913,0.36302853,0.3334366
ghe,1,tumor,5.075676200319767,0.4862654057839567,0.5488937,0.2365922
ghe,1,tumor,6.592037257660514,1.3947037229392492,0.48921424,0.29399326
ghe,0,no_tumor,4.110065951908931,0.6288190886780061,0.31593642,0.3235793
ghe,1,tumor,4.793217564765669,0.5654827460286593,0.57298774,0.21089335
ghe,0,no_tumor,4.246424399413756,0.40642459914608386,0.30178413,0.3232028
ghe,1,tumor,3.3829443259240186,0.3247760879469268,0.6878301,0.13816328
ghe,1,tumor,6.807500894025994,0.5531316938309314,0.50799847,0.28020722
ghe,1,tumor,7.3253662761156395,0.8883204646501551,0.4993583,0.29046583
ghe,1,tumor,4.73166488300213,0.8544820558469809,0.262433,0.32530606
ghe,0,no_tumor,4.925259303240529,0.17454105025957262,0.5567106,0.22591071
ghe,1,tumor,5.643586575301272,1.203503319467195,0.36557046,0.33333206
ghe,0,no_tumor,5.387849522523897,1.3181042059684436,0.36391795,0.33403897
ghe,1,tumor,5.359010931494409,0.4908816164132892,0.39761508,0.32319483
ghe,0,no_tumor,3.6758362396592763,0.8325158934115765,0.21071993,0.3113861
ghe,0,no_tumor,6.401163753053577,1.1403367690366897,0.507121,0.2853689
ghe,0,no_tumor,4.225108735714272,0.6188971348837784,0.31923756,0.3239189
ghe,1,tumor,6.622502353894266,0.8510119294478121,0.5076567,0.28328255
ghe,1,tumor,6.564336219305194,0.7562370518016348,0.50662553,0.28562114
ghe,0,no_tumor,6.549627796610643,0.8980910612810111,0.5071112,0.28085828
ghe,0,no_tumor,5.391990603092148,0.521099720890029,0.42172447,0.32062507
ghe,0,no_tumor,6.711113566721946,0.7880345542046976,0.5111513,0.27767816
ghe,0,no_tumor,5.1143314126133745,0.5071507172021308,0.43828988,0.30844945
ghe,0,no_tumor,5.170903172191299,0.6619573123955953,0.54400206,0.25594795
ghe,0,no_tumor,3.7017353205698007,0.2802308539023065,0.6644393,0.15226147
ghe,1,tumor,6.396063657596338,1.2652542804996956,0.3805791,0.33115402
ghe,1,tumor,5.087867621239188,1.536197303248224,0.39074254,0.33406657
ghe,0,no_tumor,5.998712523763621,0.8931236596622142,0.5143854,0.27474517
ghe,1,tumor,6.216549679219128,0.5941722373014593,0.49901244,0.28370455
ghe,1,tumor,5.895871624699939,1.2235404505363352,0.32813245,0.33394587
ghe,0,no_tumor,4.193401896642872,0.8545116434978908,0.2472716,0.32114667
ghe,0,no_tumor,5.266172893060408,0.6063697133574213,0.41922224,0.31541762
ghe,0,no_tumor,5.228021765673491,0.7993862895636897,0.55196536,0.23449972
ghe,0,no_tumor,5.372031278720755,0.7506561035874928,0.3376824,0.33075747
ghe,1,tumor,6.5093606934252595,0.35392647671027033,0.5080234,0.28215206
ghe,0,no_tumor,6.596320917908878,0.8516564319347493,0.42723128,0.3213627
ghe,1,tumor,7.200582185823359,0.9938298179443255,0.5039455,0.28656387
ghe,1,tumor,6.0151912934938405,1.1016871126020762,0.37584662,0.33185095
ghe,1,tumor,7.004587275768357,0.6040110457096097,0.5048333,0.28438044
ghe,1,tumor,6.098022145332259,1.724935355439098,0.3908,0.33009946
ghe,1,tumor,6.501493037186626,0.8325823292379024,0.50729334,0.28504956
ghe,0,no_tumor,5.283230518315573,1.3877117195705648,0.3505345,0.33486924
ghe,0,no_tumor,5.945903211441346,0.9208581151844113,0.5155077,0.27431858
ghe,0,no_tumor,5.932673849184571,0.5870078605103839,0.4236793,0.3206961
ghe,1,tumor,6.437094685344726,0.8818737349977865,0.41674685,0.32238254
ghe,1,tumor,6.61784789967971,0.6025549003691109,0.45890972,0.30429792
ghe,1,tumor,6.580607163891564,0.811222789922974,0.5064652,0.28528637
ghe,1,tumor,5.933725297656982,0.7290214012383309,0.49152547,0.2900252
ghe,0,no_tumor,4.447713765202603,0.3466422054941797,0.27601033,0.32715273
ghe,1,tumor,5.733343897597767,0.6613510237168851,0.38474986,0.32853687
ghe,0,no_tumor,4.531097532930602,0.8428693109025914,0.24832407,0.3231576
ghe,0,no_tumor,5.499948020232598,0.2910868208889881,0.5351182,0.25070655
ghe,0,no_tumor,5.193681224229915,0.6665871586227695,0.55783165,0.255917
ghe,1,tumor,4.982304674567562,1.2322917939093747,0.27522117,0.32881126
ghe,1,tumor,6.361375542717516,0.9105982428006654,0.51798236,0.2686562
ghe,0,no_tumor,5.998712523763621,0.8931236596622142,0.5143854,0.27474517
ghe,1,tumor,6.2768656746553235,0.7862879952085099,0.512702,0.27578303
ghe,0,no_tumor,4.6740170114936115,1.3422540387128468,0.29632688,0.33188903
ghe,1,tumor,5.646546034711926,0.8079812856548272,0.5069034,0.27608308
ghe,1,tumor,6.02731652613586,0.9961224522405842,0.44433403,0.31429774
ghe,0,no_tumor,5.395870207009376,0.9393668001372479,0.2941014,0.33152094
ghe,1,tumor,6.326191758092016,0.6411403374127131,0.5069145,0.28279555
ghe,1,tumor,6.370644908282804,1.382593228559405,0.4940619,0.2950101
ghe,0,no_tumor,6.269577454442611,0.8186814199744541,0.45933264,0.3019882
ghe,1,tumor,7.061245948969638,0.8733677339555221,0.5042349,0.28746116
ghe,1,tumor,6.448652832749033,0.6879434660481998,0.51097345,0.27784234
ghe,0,no_tumor,4.1719019493347975,1.1334096207784645,0.22261676,0.31524557
ghe,0,no_tumor,5.246316067379458,0.8672047683828458,0.3831591,0.32724607
ghe,1,tumor,5.894156830360814,0.8485711111407475,0.5220907,0.26014942
ghe,1,tumor,4.9760499433659175,0.8892727187131716,0.28777528,0.3307442
ghe,1,tumor,7.258177626734979,0.7728031209473767,0.5036042,0.28659308
ghe,0,no_tumor,4.374111616248111,0.4087676494425615,0.61546844,0.1773564
ghe,0,no_tumor,6.786368075487178,1.5259339039584496,0.5053098,0.28778037
ghe,0,no_tumor,5.888889165821056,1.2296401310547496,0.35309798,0.33366826
ghe,1,tumor,7.511275481899167,1.1040449822425278,0.5020101,0.28945607
ghe,0,no_tumor,5.841616393654097,0.7103148426529731,0.38147283,0.32548466
ghe,0,no_tumor,5.228021765673491,0.7993862895636897,0.55196536,0.23449972
ghe,0,no_tumor,5.918561075837533,0.387735220376076,0.51283133,0.27453262
ghe,1,tumor,6.122489145199892,0.6862630194660904,0.51718104,0.27170417
ghe,0,no_tumor,5.9446436805241385,0.7585579100189412,0.5150599,0.27447703
ghe,0,no_tumor,5.70218409496014,0.7227007240202259,0.49877095,0.28667334
ghe,1,tumor,5.722833245491232,0.5028678796631914,0.5449403,0.23483841
ghe,0,no_tumor,4.878082559879754,0.5318847482826565,0.5785441,0.20553826
ghe,1,tumor,6.529269961640014,0.5297851341173694,0.5057634,0.28274298
ghe,0,no_tumor,5.593570746145908,1.8213631858883454,0.34779602,0.33387408
ghe,1,tumor,5.524258624688603,0.35602716744339125,0.52797353,0.26343164
ghe,0,no_tumor,5.017023755394953,0.905025912806622,0.39829078,0.32595715
ghe,1,tumor,6.314701157477518,0.5708079484210293,0.5136432,0.27522162
ghe,1,tumor,6.239745648898539,0.9638544401222024,0.51174915,0.27107063
ghe,1,tumor,6.02731652613586,0.9961224522405842,0.44433403,0.31429774
ghe,0,no_tumor,5.303995550466143,0.4934301911219702,0.36804035,0.32932875
ghe,0,no_tumor,5.2771213245398645,0.7595426063558888,0.40013236,0.32358682
ghe,1,tumor,6.17923029780111,0.7747509828863045,0.514631,0.27411133
ghe,0,no_tumor,3.8445093306838576,0.7509919235609127,0.2214207,0.3152455
ghe,1,tumor,6.054943040337255,0.9469427080911796,0.3530501,0.33380672
ghe,0,no_tumor,4.225108735714272,0.6188971348837784,0.31923756,0.3239189
ghe,0,no_tumor,6.58803489278683,0.9540137906002188,0.5096668,0.2795988
ghe,1,tumor,6.350301714913643,0.9769875992323345,0.44121093,0.31619605
ghe,1,tumor,6.734864597665114,0.8117031415076117,0.50575405,0.28484166
ghe,1,tumor,4.753907785896795,0.5492839430215123,0.5747877,0.20896673
ghe,1,tumor,5.724515551601545,0.7366529535576534,0.35827684,0.33232436
ghe,1,tumor,5.824284797052576,0.44766060764111876,0.5285257,0.25236455
ghe,1,tumor,6.64078040722123,1.1143830909031096,0.51070917,0.27928847
ghe,1,tumor,5.801744575208113,0.9569412181016111,0.40843242,0.32585087
ghe,1,tumor,6.239745648898539,0.9638544401222024,0.51174915,0.27107063
ghe,0,no_tumor,5.896293763723557,0.8235003574700193,0.37502658,0.33313882
ghe,0,no_tumor,5.327491886449252,0.35698112206471816,0.5374098,0.25532684
ghe,0,no_tumor,5.902421794878941,0.8564873880807253,0.5026487,0.27778432
ghe,1,tumor,5.704859078663519,1.2664388152650963,0.3655458,0.33332518
ghe,1,tumor,5.047785107603194,0.6503080483797203,0.5659197,0.21607082
ghe,1,tumor,5.927306345476007,0.5787407609026205,0.3483748,0.333758
ghe,1,tumor,5.359010931494409,0.4908816164132892,0.39761508,0.32319483
ghe,1,tumor,7.054223957785105,0.6311734241720436,0.5043247,0.28594196
ghe,1,tumor,6.217743011917782,0.9078318110712877,0.51618624,0.26687115
ghe,1,tumor,6.38462724594881,1.160261408619087,0.5043185,0.30718946
ghe,1,tumor,5.860918962107152,1.499282105507659,0.37463164,0.3326502
ghe,1,tumor,6.908984253762778,0.938291909245281,0.5028641,0.28761178
ghe,1,tumor,7.100284590511995,0.6854627268269353,0.50404674,0.28636998
ghe,1,tumor,6.281189530565579,0.8293020171062655,0.37086806,0.3322173
ghe,1,tumor,6.2070504958470885,0.6621455095753755,0.52205837,0.2657644
ghe,1,tumor,6.615485883366642,0.7552526502864136,0.5065602,0.28571534
ghe,1,tumor,6.866024222906027,0.9066530369020772,0.5047617,0.2864593
ghe,1,tumor,6.542929149713345,1.14960450523206,0.50752413,0.28422216
ghe,0,no_tumor,4.657856134315174,1.2170116650770955,0.27146044,0.32869524
ghe,1,tumor,4.901925341488051,0.7920518035319026,0.2733834,0.32803747
ghe,1,tumor,6.04414552919722,0.6992376686128017,0.5125575,0.28016517
ghe,1,tumor,6.0446861297919945,0.8831327922296255,0.39892793,0.32580546
ghe,1,tumor,6.921168574867538,0.6386948549268454,0.50487065,0.28611022
ghe,1,tumor,5.922087945522044,0.37324882804269066,0.49998158,0.2813206
ghe,1,tumor,4.859018086508716,0.5602449939872589,0.5702261,0.21417493
ghe,0,no_tumor,5.230533706465879,0.6059337638135431,0.46986157,0.3012702
ghe,1,tumor,5.675788347901814,0.7198973535248132,0.527721,0.2551816
ghe,0,no_tumor,5.011754289730767,0.9877596037552084,0.3774773,0.3299163
ghe,1,tumor,4.982341536159848,0.6003832037799899,0.5764265,0.20705159
ghe,0,no_tumor,5.149002316570458,0.8215704825559536,0.5564815,0.24158372
ghe,1,tumor,5.634295280300831,0.8168036827702652,0.5403167,0.24640056
ghe,0,no_tumor,5.287681319024502,0.6303671484676632,0.48274887,0.29696798
ghe,1,tumor,4.982304674567562,1.2322917939093747,0.27522117,0.32881126
ghe,0,no_tumor,6.212055326683921,0.5194175055602106,0.51182264,0.27891213
ghe,1,tumor,5.8424406079183715,0.9107495860375514,0.34155273,0.33388346
ghe,1,tumor,7.023656932738547,0.9351493085932969,0.504248,0.28698182
ghe,1,tumor,5.925755601816794,1.0741326937221545,0.37650746,0.3302895
ghe,0,no_tumor,5.920041108879936,0.6565712023005552,0.383521,0.33070308
ghe,1,tumor,7.200582185823359,0.9938298179443255,0.5039455,0.28656387
ghe,0,no_tumor,4.512389838785713,0.3689310395515023,0.59557843,0.38147402
ghe,1,tumor,6.217743011917782,0.9078318110712877,0.51618624,0.26687115
ghe,0,no_tumor,4.745137466479339,0.5779688865864352,0.36187077,0.32981068
ghe,0,no_tumor,5.182977124140346,0.4361729410875458,0.5405836,0.2521017
ghe,1,tumor,5.9783373499362895,0.9844252621804389,0.5149555,0.27663997
ghe,1,tumor,6.217942137555443,1.2116440013934118,0.38838947,0.33055612
ghe,0,no_tumor,5.440721121735722,0.5369925478850814,0.5291301,0.25064096
ghe,1,tumor,5.75339676083243,1.2810019743306498,0.36368936,0.332688
ghe,1,tumor,5.087867621239188,1.536197303248224,0.39074254,0.33406657
ghe,1,tumor,5.307575318409354,1.3889998279466043,0.346595,0.33495668
ghe,0,no_tumor,5.512247921674669,0.7449403118840936,0.5353817,0.25783083
ghe,0,no_tumor,2.983051422547077,0.7173059977797722,0.16075775,0.28597316
ghe,1,tumor,7.200582185823359,0.9938298179443255,0.5039455,0.28656387
ghe,1,tumor,6.161225298258801,0.693011606772518,0.50547546,0.28267008
ghe,0,no_tumor,5.663282874787918,0.7298804473139138,0.5035247,0.2834179
ghe,1,tumor,5.609235815725757,0.8789098661421851,0.35376313,0.33341002
ghe,1,tumor,6.02731652613586,0.9961224522405842,0.44433403,0.31429774
ghe,0,no_tumor,4.621908785579921,0.46424243927984177,0.5983451,0.18911283
ghe,0,no_tumor,4.621908785579921,0.46424243927984177,0.5983451,0.18911283
ghe,1,tumor,6.57294509658972,0.7923999674487356,0.5121987,0.27664998
ghe,1,tumor,6.455054901357412,0.8045212327293709,0.5104722,0.2775391
ghe,0,no_tumor,5.186310918021937,0.6901065905438684,0.38607204,0.32681507
ghe,1,tumor,6.604311555506363,1.0234142654013794,0.509768,0.28008816
ghe,1,tumor,5.734569785242527,1.3023505086049552,0.32036516,0.33414078
ghe,1,tumor,6.9342256299017295,0.6394359254584752,0.50128245,0.28841677
ghe,1,tumor,7.18791462756403,0.6645875501929788,0.5039357,0.28635216
ghe,1,tumor,5.655440888970425,0.5892443494693665,0.5007408,0.28192583
ghe,1,tumor,5.341400040057527,1.3694346984774057,0.3498327,0.334935
ghe,1,tumor,5.952667259946019,0.6121536546257114,0.5211218,0.2576359
ghe,0,no_tumor,5.473696452770766,0.8274971105594866,0.5419053,0.25073725
ghe,1,tumor,6.611845145817796,0.6528831574678526,0.506947,0.28400907
ghe,1,tumor,6.64078040722123,1.1143830909031096,0.51070917,0.27928847
ghe,1,tumor,6.8308869761570215,1.05532256051987,0.48063704,0.30104813
ghe,0,no_tumor,6.943318582389937,1.2270770218560751,0.505121,0.28623915
ghe,0,no_tumor,4.877260529326291,1.7041927825656735,0.311669,0.33434048
ghe,1,tumor,6.008209201640581,0.7395878218217498,0.5075346,0.27532956
ghe,1,tumor,6.138396542650468,0.9752811257521511,0.513219,0.2721003
ghe,1,tumor,7.196104749155452,1.2385672186263796,0.50060654,0.28975606
ghe,0,no_tumor,2.699580180006362,1.0759509382858725,0.13144197,0.2659768
ghe,0,no_tumor,5.902421794878941,0.8564873880807253,0.5026487,0.27778432
ghe,0,no_tumor,5.945903211441346,0.9208581151844113,0.5155077,0.27431858
ghe,1,tumor,6.601027089712888,0.8478282561668965,0.50255394,0.28399843
ghe,1,tumor,4.600704942510426,0.5253657100234559,0.5852542,0.20400389
ghe,1,tumor,5.460848123493259,0.9449016538210461,0.47716618,0.29482067
ghe,1,tumor,6.36328687123501,0.4890101047989978,0.49916443,0.28575745
ghe,1,tumor,7.235010940989097,1.3906546468022127,0.49443626,0.29344463
ghe,0,no_tumor,5.2771213245398645,0.7595426063558888,0.40013236,0.32358682
ghe,0,no_tumor,5.67511137225791,1.2158214742917113,0.37429774,0.33124602
ghe,1,tumor,6.723325947218566,0.7756854106192089,0.50370306,0.28674448
ghe,0,no_tumor,5.920041108879936,0.6565712023005552,0.383521,0.33070308
ghe,1,tumor,6.2031603573754275,0.6130618988178177,0.51025635,0.2791694
ghe,1,tumor,5.812835814826437,1.0439799629875033,0.5173558,0.2630283
ghe,1,tumor,5.857916095840061,0.8852608695288147,0.51787394,0.2731179
ghe,0,no_tumor,5.918561075837533,0.387735220376076,0.51283133,0.27453262
ghe,0,no_tumor,6.11701687703072,0.966628413279331,0.38508326,0.3299105
ghe,1,tumor,6.572327417104977,0.3908512693244763,0.50759995,0.28016973
ghe,1,tumor,5.772750436345442,0.8965262039709623,0.34915316,0.33317086
ghe,0,no_tumor,6.570427413154586,1.2402726100158499,0.4838496,0.2973866
ghe,1,tumor,6.470828310848354,0.5384286019289697,0.49877164,0.2868869
ghe,1,tumor,5.755127460568057,0.830722093113994,0.52257293,0.2664201
ghe,1,tumor,6.049440940300488,0.5705065701434652,0.5124433,0.2765343
ghe,1,tumor,6.02731652613586,0.9961224522405842,0.44433403,0.31429774
ghe,0,no_tumor,4.86594058523623,0.4464431953229537,0.5895802,0.19562666
ghe,0,no_tumor,4.798600859194911,1.1546120601346908,0.28510433,0.33163676
ghe,1,tumor,6.226479490252091,0.9242370146945287,0.5164776,0.26709262
ghe,1,tumor,5.227698433515691,0.5437835427761515,0.40115654,0.31778583
ghe,1,tumor,5.522601629144865,0.35655372269015384,0.5280262,0.26335588
ghe,1,tumor,5.54547140288659,1.3626063277399432,0.36270538,0.33457324
ghe,1,tumor,5.468012286043867,1.1822783818776696,0.40234017,0.33115777
ghe,0,no_tumor,3.9762810021293373,0.8923733518705197,0.20918208,0.30928615
ghe,0,no_tumor,5.811086502734646,0.7273536314845005,0.47405577,0.2964588
ghe,0,no_tumor,5.5849364230758995,1.0884930726699873,0.5184389,0.27692017
ghe,0,no_tumor,4.926151793796597,0.43191838586389253,0.54462695,0.24634771
ghe,1,tumor,5.912924200727134,0.9788067411458922,0.38385704,0.3300414
clahe,1,tumor,7.342452423251752,1.090885413516939,0.3597386,0.28109267
clahe,1,tumor,7.099116993367811,0.8373068665823673,0.4068836,0.32280916
clahe,1,tumor,6.5380122046984255,0.6768503338646119,0.4096292,0.29221115
clahe,0,no_tumor,6.711183160651979,0.6401698705485852,0.31668535,0.2743331
clahe,0,no_tumor,6.146376613031741,0.8111930213449905,0.29586902,0.32304934
clahe,0,no_tumor,6.982612123543802,1.3793260014799462,0.39213872,0.33629116
clahe,0,no_tumor,6.556509586007094,1.0818940641674897,0.27379942,0.27198565
clahe,1,tumor,6.06044197319109,1.0131160050105716,0.34095,0.2877194
clahe,1,tumor,7.563473054668785,1.0632940103550044,0.49339288,0.30860752
clahe,0,no_tumor,6.213562272652531,0.8540412475330376,0.31168333,0.2777572
clahe,1,tumor,5.893407834132072,0.8873387890784614,0.3668627,0.34503335
clahe,1,tumor,7.3057316910510215,0.9896466256559567,0.40136027,0.2647862
clahe,1,tumor,7.467626391208436,1.3101290892542905,0.43508828,0.26326331
clahe,0,no_tumor,7.048703090785852,0.549230489763404,0.31184468,0.26184082
clahe,1,tumor,6.3911993762142965,0.8113272233497726,0.26838905,0.2503985
clahe,1,tumor,7.520001760583201,1.4641919754821306,0.5571454,0.32454225
clahe,1,tumor,7.4084511458049125,0.5580725811430371,0.41921628,0.23272471
clahe,1,tumor,6.715613905867184,1.4730167814919002,0.3360766,0.32080308
clahe,1,tumor,7.47388928788965,0.6976397673145776,0.34572324,0.2539366
clahe,1,tumor,7.305040860547517,0.7946880089513759,0.31801808,0.24919741
clahe,0,no_tumor,6.053218185310404,0.7188853047087513,0.21199305,0.23453441
clahe,1,tumor,7.147658218276115,0.6734117375008055,0.34589317,0.26534206
clahe,0,no_tumor,6.966990571268116,0.43724255847320526,0.31023622,0.27420983
clahe,0,no_tumor,7.707230500945824,1.2522716935494773,0.41446418,0.2575393
clahe,1,tumor,7.614609554349843,0.9658434121162043,0.48654857,0.24036728
clahe,1,tumor,5.473961267468791,0.8092433299196161,0.26172045,0.3121408
clahe,1,tumor,7.340994640214397,1.0255451360513574,0.34233952,0.27609816
clahe,0,no_tumor,7.047362466059377,0.6286171807786431,0.31418025,0.2564059
clahe,1,tumor,7.071207352656678,0.7548475612723957,0.3446428,0.28105822
clahe,0,no_tumor,7.274765056190462,0.9677485171447345,0.38872647,0.29436654
clahe,1,tumor,6.54334823324425,1.034393847803749,0.2877269,0.2624712
clahe,1,tumor,6.271628581636353,0.9141082046776756,0.32458425,0.30273068
clahe,1,tumor,6.207122559988786,0.6181307835104088,0.22073282,0.22878473
clahe,0,no_tumor,7.020726583102199,0.8793891797403538,0.31224105,0.26509398
clahe,1,tumor,7.573626945788987,0.65034971742158,0.39951485,0.22622602
clahe,1,tumor,6.493622015828128,1.0272550138772933,0.36491174,0.2938607
clahe,1,tumor,5.976260122492224,0.7061780095552299,0.26884577,0.25904188
clahe,1,tumor,7.5171239809790595,1.1786341298916947,0.35772872,0.25234085
clahe,0,no_tumor,4.66440442708984,0.8680939536881648,0.19488862,0.27353117
clahe,1,tumor,6.125007268263781,0.7542578328689638,0.29650834,0.26443732
clahe,0,no_tumor,4.661054987719088,0.49689765364951155,0.17159545,0.24397449
clahe,1,tumor,4.853905288692154,0.7872709682220234,0.21005838,0.2943149
clahe,1,tumor,7.51235800546906,1.0617944558323873,0.35998344,0.30237228
clahe,1,tumor,7.853528780639138,0.9399504363766191,0.505975,0.26619065
clahe,1,tumor,5.043457360135197,0.9454675385768724,0.2316289,0.29632655
clahe,0,no_tumor,6.196083956410106,0.6246102103116096,0.24507555,0.281235
clahe,1,tumor,6.408552376521328,0.7722013078566062,0.33296737,0.2733562
clahe,0,no_tumor,6.22995937993137,0.7922809961272885,0.2605775,0.23793915
clahe,1,tumor,6.257265159416666,0.7883872973865134,0.24402574,0.27694222
clahe,0,no_tumor,4.222203078405238,0.5285540470149548,0.22826526,0.29563966
clahe,0,no_tumor,7.511360346726068,0.9336847368903551,0.37064856,0.24550885
clahe,0,no_tumor,4.749174894446117,0.8255395012391392,0.19638266,0.27054304
clahe,1,tumor,7.563473054668785,1.0632940103550044,0.49339288,0.30860752
clahe,1,tumor,7.611601040410545,0.6519635309402628,0.4101687,0.22070137
clahe,0,no_tumor,7.568339494217426,1.0619228624868746,0.3854124,0.27684698
clahe,0,no_tumor,6.549604654981553,0.435872024111874,0.2530077,0.24450734
clahe,0,no_tumor,7.627377478419485,0.9348439039207386,0.40398407,0.2744566
clahe,0,no_tumor,5.873951514339195,0.5076023303788586,0.19159344,0.22415106
clahe,0,no_tumor,6.729484899122355,0.8283698250041814,0.32287577,0.27136517
clahe,0,no_tumor,5.091468831378489,0.5617224111125914,0.22053513,0.29710478
clahe,1,tumor,6.784991551032947,1.1792877964664146,0.41897166,0.3350658
clahe,1,tumor,6.124318370082269,0.7900646897073718,0.2828716,0.22195072
clahe,0,no_tumor,7.277780669096639,0.9637295862651123,0.289176,0.24139562
clahe,1,tumor,7.04300287505933,0.9996997075812993,0.33786958,0.3124366
clahe,1,tumor,6.1002479142789365,1.3854949488527648,0.36347777,0.346398
clahe,0,no_tumor,4.671277628282586,0.7309342652803341,0.19402884,0.26104036
clahe,0,no_tumor,6.146376613031741,0.8111930213449905,0.29586902,0.32304934
clahe,0,no_tumor,6.722215009035405,1.0426608530627197,0.34221047,0.3007885
clahe,0,no_tumor,5.8113146872616825,1.065264907959146,0.29159772,0.33159244
clahe,1,tumor,7.415219601779551,0.6625386668936535,0.40522033,0.27577716
clahe,0,no_tumor,7.216063587129661,0.9776857994371915,0.4472984,0.3342727
clahe,1,tumor,7.777984085073926,1.247846657741138,0.45000744,0.2959389
clahe,1,tumor,6.6309832550730725,1.0335805965123175,0.3675233,0.29534176
clahe,1,tumor,7.741269908300033,0.8086179254456419,0.41398472,0.28777403
clahe,1,tumor,6.768792106483055,1.2542259447886317,0.37354094,0.28091404
clahe,1,tumor,7.693801453785637,0.7953574952721432,0.4250582,0.25329503
clahe,0,no_tumor,6.088890439946403,0.825800796818918,0.26033577,0.2427976
clahe,0,no_tumor,7.184692826177753,0.9639942566224181,0.28726208,0.24197458
clahe,0,no_tumor,6.823198798505453,0.6623828501276479,0.3232458,0.2868032
clahe,1,tumor,7.030188989726352,0.9436639273481143,0.37681526,0.2956398
clahe,1,tumor,7.2076793079359724,0.8297729394186557,0.41615397,0.32103008
clahe,1,tumor,7.626319947103319,0.8708611545490877,0.48864555,0.2524893
clahe,1,tumor,6.978490670098461,0.6478854266260415,0.30559945,0.24403623
clahe,0,no_tumor,5.0890353429875415,0.5649899473003764,0.2236261,0.30852556
clahe,1,tumor,6.511764563825823,0.8111593681775406,0.26621836,0.27259812
clahe,0,no_tumor,4.913274915294945,0.7127652760083947,0.2529407,0.30277738
clahe,0,no_tumor,6.757718298117098,0.7266563160401946,0.25124127,0.26211798
clahe,0,no_tumor,6.7466168126545405,0.6948982598857114,0.2722934,0.23486543
clahe,1,tumor,5.308102904861062,1.1291370180810905,0.27131945,0.30783066
clahe,1,tumor,7.52022620660725,0.9525905656187421,0.43943807,0.28730336
clahe,0,no_tumor,7.277780669096639,0.9637295862651123,0.289176,0.24139562
clahe,1,tumor,7.37522636355237,0.9935066964180868,0.34389627,0.27075312
clahe,0,no_tumor,5.332263793991997,0.9585920184987109,0.23591787,0.267375
clahe,1,tumor,6.675135049077027,0.6873421426224493,0.3352683,0.23993284
clahe,1,tumor,6.9452814699220715,0.7622962449938149,0.347094,0.25409397
clahe,0,no_tumor,5.5977129939365415,1.0794797042265136,0.31752425,0.3301432
clahe,1,tumor,7.4132009520138356,0.7541953504215597,0.32218832,0.25292656
clahe,1,tumor,7.471006585303588,0.9358821688912653,0.3624629,0.22789739
clahe,0,no_tumor,7.014208951198068,1.1013278268064801,0.3747123,0.31602058
clahe,1,tumor,7.748882217420913,1.018226461380622,0.53278595,0.29878676
clahe,1,tumor,7.485238171422332,0.8086540982756207,0.44364634,0.30001268
clahe,0,no_tumor,4.472830265661048,1.063849919020452,0.23493364,0.30788276
clahe,0,no_tumor,6.053218185310404,0.7188853047087513,0.21199305,0.23453441
clahe,1,tumor,7.0457120773238575,1.012190269199741,0.36796662,0.2856973
clahe,1,tumor,5.413590485318265,0.7689744749987033,0.24982765,0.27491105
clahe,1,tumor,7.746780906302266,1.067671834698651,0.4695162,0.30829385
clahe,0,no_tumor,5.704101386193734,0.8587487935428186,0.2152624,0.26230282
clahe,0,no_tumor,7.779716641543889,1.1420486080605095,0.55357337,0.25098783
clahe,0,no_tumor,6.379919375975225,1.1579510070120604,0.34982982,0.31673384
clahe,1,tumor,7.879228996624737,1.1048108449022538,0.5776475,0.27231044
clahe,0,no_tumor,6.3141976236401,1.1462204976972743,0.27378336,0.30539054
clahe,0,no_tumor,6.722215009035405,1.0426608530627197,0.34221047,0.3007885
clahe,0,no_tumor,6.959940084522773,0.6969350802215366,0.30138516,0.26130474
clahe,1,tumor,7.396711200641034,0.8020452478692129,0.33622044,0.24846222
clahe,0,no_tumor,7.1122647201611695,0.865433163599254,0.27860326,0.23630328
clahe,0,no_tumor,6.780421340122178,0.7359044604456606,0.25855905,0.23809227
clahe,1,tumor,6.755448525016989,0.9696929031121189,0.34000486,0.30473492
clahe,0,no_tumor,6.205724139154475,0.8941313380073124,0.30581367,0.29861498
clahe,1,tumor,7.544634457310686,0.7937112746726068,0.35900187,0.27112684
clahe,0,no_tumor,6.280820102157076,1.6660740455459122,0.36377504,0.3288936
clahe,1,tumor,6.727898348195391,0.5950462505616234,0.29126984,0.2667319
clahe,0,no_tumor,5.925833265525406,0.6508400138566297,0.21881798,0.22692493
clahe,1,tumor,7.314655026323235,0.8642290326212934,0.32102147,0.26993746
clahe,1,tumor,7.248255628958922,1.0694896605479585,0.43747228,0.29331002
clahe,1,tumor,6.9452814699220715,0.7622962449938149,0.347094,0.25409397
clahe,0,no_tumor,6.012736903337686,0.6270297710540109,0.19582424,0.248161
clahe,0,no_tumor,6.111807553511159,0.6985402228997358,0.21330737,0.23364271
clahe,1,tumor,7.3578265721351706,0.7720761839782445,0.3960272,0.27751246
clahe,0,no_tumor,4.392480615570513,0.4919165338784555,0.23158151,0.29512605
clahe,1,tumor,6.43173566533523,1.1290022769568768,0.3962041,0.33253577
clahe,0,no_tumor,4.749174894446117,0.8255395012391392,0.19638266,0.27054304
clahe,0,no_tumor,7.592755437262028,1.1818983124449476,0.3504567,0.26831913
clahe,1,tumor,7.104333755733224,1.078296597943267,0.40830725,0.3218793
clahe,1,tumor,7.595485487797129,0.7942749337192857,0.35595298,0.24285042
clahe,1,tumor,6.098382927072891,0.7536767650336569,0.29749137,0.26640126
clahe,1,tumor,6.35272743958076,0.7306133992520674,0.27863145,0.27298534
clahe,1,tumor,6.743285545381631,0.8153823071043926,0.36272812,0.29961008
clahe,1,tumor,7.717120914108198,1.2481975749897567,0.5109751,0.29766133
clahe,1,tumor,6.63743270955887,0.6875878448839493,0.32839906,0.256432
clahe,1,tumor,7.248255628958922,1.0694896605479585,0.43747228,0.29331002
clahe,0,no_tumor,6.502625689453615,0.8695220023844629,0.41059834,0.33203095
clahe,0,no_tumor,6.551298606554567,0.5915590783799077,0.24157451,0.24895836
clahe,0,no_tumor,7.112496559091442,0.7688023656566637,0.36093298,0.26643312
clahe,1,tumor,6.409713898760393,0.9225217889983142,0.31352395,0.26179776
clahe,1,tumor,6.3646924430069465,0.9267994692403912,0.27086782,0.25454083
clahe,1,tumor,6.338897640743526,0.7697662574840101,0.33112434,0.31084117
clahe,1,tumor,6.257265159416666,0.7883872973865134,0.24402574,0.27694222
clahe,1,tumor,7.596778385720202,1.0139965194850205,0.40759325,0.260763
clahe,1,tumor,7.1926645080839124,1.1677519867541344,0.48963648,0.3276138
clahe,1,tumor,7.236871722620275,1.3478009859345215,0.59462917,0.29571226
clahe,1,tumor,6.582974074988588,0.9981108375784087,0.3445358,0.2729039
clahe,1,tumor,7.767593927628112,1.1724766840935876,0.4911602,0.31348997
clahe,1,tumor,7.641913327148197,1.049391438328215,0.4149663,0.26067722
clahe,1,tumor,6.668666091565729,1.0502278688715883,0.40005696,0.3283464
clahe,1,tumor,7.281631888610958,0.9767499856214303,0.3753138,0.30267492
clahe,1,tumor,7.605034786349103,0.717233452148079,0.43895936,0.2479064
clahe,1,tumor,7.730971876335367,1.0767115717745288,0.44473734,0.2700226
clahe,1,tumor,7.617330051316406,1.0034922801659922,0.41501036,0.2521774
clahe,0,no_tumor,5.156171480877657,0.996065847468439,0.24937887,0.28859857
clahe,1,tumor,5.227754329747835,0.8890932364363648,0.25046816,0.30285552
clahe,1,tumor,7.318720895550053,0.6343961431261269,0.46611667,0.22733518
clahe,1,tumor,6.741115267094104,0.9935524287070866,0.3684642,0.32183766
clahe,1,tumor,7.496894509700285,0.9169666721270866,0.51298714,0.30573645
clahe,1,tumor,6.7611912383604444,0.567909607946105,0.32999867,0.29288235
clahe,1,tumor,6.208480462717513,0.7133694208427204,0.27414244,0.26481494
clahe,0,no_tumor,6.611754783813619,0.5082504357235906,0.22598447,0.21150655
clahe,1,tumor,6.769936071537112,1.0716885597414956,0.32407635,0.28630993
clahe,0,no_tumor,5.9091704958576265,0.6787453567428027,0.21882778,0.22968307
clahe,1,tumor,6.23817060280626,1.286702051446607,0.28316414,0.30152565
clahe,0,no_tumor,6.969843625736573,0.9026519669158731,0.30868542,0.27245796
clahe,1,tumor,7.075488826280295,1.0316650053479763,0.35658893,0.2824509
clahe,0,no_tumor,6.640251448036214,0.49574255190012445,0.22543779,0.20878954
clahe,1,tumor,5.308102904861062,1.1291370180810905,0.27131945,0.30783066
clahe,0,no_tumor,7.312047782809457,0.6620501486426847,0.38842535,0.27816072
clahe,1,tumor,6.191666554125186,0.874434905538218,0.34449124,0.30808324
clahe,1,tumor,7.842659934639055,1.1135069256794359,0.4456256,0.26903567
clahe,1,tumor,6.57693430439339,0.9853085956147686,0.32337552,0.28836393
clahe,0,no_tumor,6.6933695482031945,0.6783118764707561,0.34261066,0.28922072
clahe,1,tumor,7.777984085073926,1.247846657741138,0.45000744,0.2959389
clahe,0,no_tumor,5.082528733794086,1.00479074671174,0.6634964,0.38013828
clahe,1,tumor,7.1926645080839124,1.1677519867541344,0.48963648,0.3276138
clahe,0,no_tumor,5.6671108182834455,0.5455570161820367,0.21313284,0.24714507
clahe,0,no_tumor,6.354737169272273,0.9597326288365648,0.25452644,0.25684187
clahe,1,tumor,7.242482158297339,0.9353207994291374,0.36706305,0.25482893
clahe,1,tumor,6.714552084749135,0.9997437660351909,0.47348273,0.34801543
clahe,0,no_tumor,6.3645747710700284,0.9236902468351811,0.31915164,0.31442186
clahe,1,tumor,6.421312545647802,1.108854716950738,0.32897782,0.29641584
clahe,1,tumor,6.124318370082269,0.7900646897073718,0.2828716,0.22195072
clahe,1,tumor,6.06044197319109,1.0131160050105716,0.34095,0.2877194
clahe,0,no_tumor,6.977880736129839,0.9126681971975663,0.3443005,0.27941376
clahe,0,no_tumor,3.3473763527191887,0.5588674017420466,0.1411018,0.23679662
clahe,1,tumor,7.777984085073926,1.247846657741138,0.45000744,0.2959389
clahe,1,tumor,7.253844800471601,0.8120145681224483,0.35725912,0.27846622
clahe,0,no_tumor,7.033126659752046,0.9455158070004948,0.32391864,0.2706829
clahe,1,tumor,6.304028539735408,0.8557049343776575,0.32268882,0.2988285
clahe,1,tumor,6.9452814699220715,0.7622962449938149,0.347094,0.25409397
clahe,0,no_tumor,6.096378072529527,1.1034669484471238,0.27335832,0.2803846
clahe,0,no_tumor,6.096378072529527,1.1034669484471238,0.27335832,0.2803846
clahe,1,tumor,7.40834988135434,1.406996771884491,0.41806495,0.31286848
clahe,1,tumor,7.4259326816985105,1.2481694092050237,0.34481156,0.2884252
clahe,0,no_tumor,6.081566548717501,0.8147033183727795,0.21395144,0.24792084
clahe,1,tumor,7.562415196544633,1.2662575621492436,0.4318367,0.30749956
clahe,1,tumor,5.9791013145906176,1.4862924358068765,0.3627858,0.35293773
clahe,1,tumor,7.750502529101801,0.6886788975685076,0.41735673,0.26086786
clahe,1,tumor,7.714988934237968,0.9648549351306235,0.45435268,0.30376706
clahe,1,tumor,6.783802916884644,0.6772730838266472,0.27193916,0.24897759
clahe,1,tumor,6.084913006382961,0.99528313538625,0.3441576,0.28783655
clahe,1,tumor,6.988164970887177,0.9613309757211926,0.31268263,0.29366305
clahe,0,no_tumor,7.09484592187681,0.8787328111697331,0.31268528,0.2674682
clahe,1,tumor,7.627834476860211,0.7613745246259604,0.39283234,0.2585808
clahe,1,tumor,7.717120914108198,1.2481975749897567,0.5109751,0.29766133
clahe,1,tumor,7.67477935672756,1.028428985537608,0.5124248,0.31084865
clahe,0,no_tumor,7.7622527713134595,1.3111334102580672,0.48360094,0.26629433
clahe,0,no_tumor,5.630160915216597,1.1430811951884128,0.26978257,0.2693546
clahe,1,tumor,7.007253470615021,1.0244348420296492,0.34960413,0.29990512
clahe,1,tumor,7.19688704779334,1.0790027246737504,0.3608274,0.2695758
clahe,1,tumor,7.869141751887295,1.3930003020538886,0.50709015,0.30226853
clahe,0,no_tumor,2.8412611686650413,1.190697543800901,0.1548632,0.28268605
clahe,0,no_tumor,7.112496559091442,0.7688023656566637,0.36093298,0.26643312
clahe,0,no_tumor,7.184692826177753,0.9639942566224181,0.28726208,0.24197458
clahe,1,tumor,7.375205619903797,1.2224154524065705,0.34927836,0.2852157
clahe,1,tumor,6.270026013916178,0.7134265275317582,0.33699065,0.26731762
clahe,1,tumor,6.576039651258284,0.882423098321262,0.30126905,0.2652194
clahe,1,tumor,7.3955454747086975,0.7590412226766696,0.32609385,0.27049494
clahe,1,tumor,7.874932493678935,1.4490620590310064,0.51488376,0.3023541
clahe,0,no_tumor,6.111807553511159,0.6985402228997358,0.21330737,0.23364271
clahe,0,no_tumor,6.424928806994236,0.8040824400371056,0.25311399,0.24385898
clahe,1,tumor,7.696460837919556,0.8549802235815155,0.39628908,0.266913
clahe,0,no_tumor,6.6933695482031945,0.6783118764707561,0.34261066,0.28922072
clahe,1,tumor,7.334742252658257,0.6753287735386893,0.30282724,0.24028924
clahe,1,tumor,6.964544985027491,1.1788294036179856,0.33782315,0.27592793
clahe,1,tumor,7.194462782879667,0.706936525907619,0.35055792,0.23568128
clahe,0,no_tumor,6.959940084522773,0.6969350802215366,0.30138516,0.26130474
clahe,0,no_tumor,6.708296470366201,0.8949331887526069,0.33132493,0.2751358
clahe,1,tumor,7.487656780799668,0.7285973359013538,0.40822467,0.31367058
clahe,1,tumor,6.271628581636353,0.9141082046776756,0.32458425,0.30273068
clahe,0,no_tumor,7.5411941780081575,1.155433587450209,0.43181038,0.2880074
clahe,1,tumor,7.442936581782524,0.8112503400749318,0.3353365,0.27135316
clahe,1,tumor,7.054691345165299,0.8110006776608825,0.3834997,0.26344356
clahe,1,tumor,7.22337726798186,0.6341386875425582,0.28768313,0.24093616
clahe,1,tumor,6.9452814699220715,0.7622962449938149,0.347094,0.25409397
clahe,0,no_tumor,6.105760357947719,1.2811643816178164,0.3122305,0.33870283
clahe,0,no_tumor,5.336356084102256,1.0354038354004351,0.3513382,0.36652318
clahe,1,tumor,7.239053458680884,1.0199683098145136,0.4194997,0.2868849
clahe,1,tumor,5.962642548801336,0.5901787501637946,0.25694463,0.27618656
clahe,1,tumor,6.723409926585666,0.5911675334897226,0.28785545,0.2636749
clahe,1,tumor,6.295600614329001,0.8752882986864035,0.3218398,0.2663747
clahe,1,tumor,6.497245425917809,0.6785272806783369,0.3668397,0.26371503
clahe,0,no_tumor,4.229592499146607,0.9833715989166848,0.19801503,0.29352656
clahe,0,no_tumor,6.9716974654198145,0.7209829167902857,0.2631386,0.23183493
clahe,0,no_tumor,7.0749330545409865,0.6701229462328477,0.33180988,0.18783082
clahe,0,no_tumor,6.287604372464751,0.837119158134919,0.30753583,0.27838293
clahe,1,tumor,6.643885061200121,0.7448441748765008,0.27487123,0.2579809
